volatility,risk_free_rate,strike,expiry
0.6351011670322034,0.018727005942368126,70.78862551460273,0.9892387457553447
0.5022877837425085,0.04753571532049581,52.65322038738197,0.2890833787810465
0.48102477107693853,0.03659969709057025,68.14354350897973,1.5936768419855996
0.2980139456118168,0.02993292420985183,108.30415609696922,0.686159053434628
0.9361106925137516,0.007800932022121826,92.1424550592498,1.504362571075257
0.5259199516705891,0.007799726016810133,139.2671711076975,0.03480347393627682
0.8524167247455002,0.002904180608409973,131.7443561738441,0.2582115687908122
1.0278702693895048,0.04330880728874676,84.1817351697876,0.1150122768692763
0.9010236858743795,0.03005575058716044,75.94234334312925,1.459907415629585
0.8226791519557352,0.03540362888980227,87.96924081672668,0.49854717680826677
0.4277378289772614,0.0010292247147901223,109.02949425148077,0.7244006026021192
0.36367955637347593,0.04849549260809972,76.80636408228763,1.00175066977834
1.012295872257126,0.04162213204002109,112.41489078491341,0.5579256882708832
0.8804800861832406,0.010616955533913808,90.94116521912404,0.4809134972259239
0.5527176993369801,0.009091248360355032,105.20471808519802,1.7916095523573226
0.3724914527507296,0.00917022549267169,93.61265291353166,0.8832923814991147
0.8037191202042261,0.015212112147976888,79.44657595419177,1.4479640604141817
0.1260500843980669,0.026237821581611892,144.84533069621568,0.8667729031491793
0.728914839388327,0.02159725093210579,126.36057941597608,0.2934236944224462
0.47295076289318405,0.014561457009902096,64.01131757664525,1.0911331766861598
0.8437132562823751,0.030592644736118974,136.84679758979127,1.1028500065335531
0.6377965209920212,0.006974693032602092,98.74311982495136,0.29965730199764207
0.8197949350768104,0.014607232426760909,139.45522268940914,1.8762054399888968
0.8720802435885627,0.018318092164684587,129.98552559473154,0.228959016695786
0.8889382884209961,0.0228034992108518,92.52135044692335,1.660101091172966
1.0851741246849804,0.039258798069650686,52.24693083201174,0.6843433491641939
1.0382891696530228,0.009983689107917987,76.8677359384946,0.06159059809347302
0.8647201574858631,0.02571172192068058,104.16342146608669,1.8605372702360186
0.26999085920250854,0.029620728443102123,113.34782198261473,0.5011711698392347
0.11329058427841279,0.0023225206359998862,75.78876854332023,1.2674156144992443
0.3194328091593702,0.03037724259507192,63.93560740728241,1.5817510488504418
0.76951314339405,0.008526206184364577,133.4930236799299,0.9733580128222747
0.6293718967052241,0.003252579649263976,148.44021807035523,1.9573061543610974
0.2313172606492914,0.04744427686266667,102.56901823026858,1.8537008628319847
0.21679989753607068,0.04828160165372797,67.16792858483035,1.862181255595835
0.41161829214618895,0.04041986740582306,77.2307326519369,1.2261305467847967
0.6583549997831316,0.015230688458668535,51.83906765474667,1.781663799230236
0.5659409023958225,0.004883605700319194,141.4298806560499,1.1473729083452973
0.9819815904807244,0.03421165132560785,61.77510828901411,1.2213662305819557
0.2591212682965637,0.022007624686980067,107.65164755142536,1.5263600255433134
0.77071668748007,0.006101911742238942,77.4055220687206,0.8123212568311662
0.9682970529399902,0.02475884550556351,105.41780025157934,1.6513984093301877
0.6041560317998099,0.0017194260557609198,115.14203883518643,1.9252830469547726
0.37648936036237524,0.0454660201039391,132.97418037072015,0.0818007829584453
1.0060448662654746,0.012938999080000846,70.64212717606031,0.35687527380172956
0.5419415165029243,0.0331261142176991,51.09958286584805,1.5794951026286965
0.879970721035012,0.015585553804470548,63.68856300688073,1.7513241046924108
0.16882647750651084,0.02600340105889054,140.00186418481053,1.5680251257668008
0.5377345010986353,0.027335513967163983,137.38900775625154,1.9115215646146904
0.9829846760103637,0.009242722776276352,109.74131021703083,1.1409583884629273
0.6489030901699083,0.048479231388227934,110.05168604336534,1.5331505637899616
0.6817927832075777,0.03875664116805573,116.50366745462554,0.9313950334006524
0.21851543413304478,0.046974947078209456,67.53712786234496,1.7845054384795673
0.9154974168322773,0.04474136752138244,141.44119459249598,0.424821346967436
0.5079973416433642,0.02989499894055426,91.8770524892073,0.5082223529863865
0.5892922734008056,0.04609371175115584,88.31385282494975,1.150577791098842
0.4405690355194244,0.004424625102595975,101.89177052828376,1.8677153750590187
0.9411849863049176,0.009799143120957261,54.696596677505504,1.9990385659450813
0.22940409404311293,0.002261364445526903,66.62833687560794,0.8425529576328923
0.5153655087730026,0.016266516538163217,123.80336164263704,0.6267878146264827
0.34730680772812683,0.019433864484474102,58.27986679251265,1.316077371874491
0.8089297216923695,0.013567451588694796,110.31521094663881,0.40126219936567575
0.5675727419857509,0.04143687545759647,74.5349109681321,1.8391407405705589
1.0754762820689154,0.017837666334679463,88.92956140419766,1.1340339583989658
0.47238062573661155,0.01404672548436904,78.86937367706999,1.6351787116660568
0.5927852953527685,0.027134804157912425,85.56727164649492,1.0186032307742352
0.7890859359419405,0.007046211248738133,121.90459051842456,1.2361724955343993
0.44142297043784573,0.04010984903770198,79.71217156231751,1.9054459719091457
0.36049173410260227,0.0037275321839885414,106.64046402968972,1.1836792348100194
0.177220962421529,0.049344346830025865,97.60504021990997,1.1547184464695086
0.2594589919328435,0.038612238464832874,116.36711653626482,0.8227761993611427
0.8012560757248258,0.009935784076708622,143.68297393247582,1.4255606975128303
0.15331039721743137,0.00027610585618012,123.25720972102503,1.6064778428649984
0.2899368733473594,0.04077307142274171,71.49403785907568,1.9309554591186695
0.8487349729112185,0.035342867192380854,53.118313506128466,0.30317318465397913
0.4380944425076486,0.03645035840204937,76.22640442998251,0.6918405015111049
0.14189776161563908,0.03856351733429729,109.50779307002549,1.0725206528691775
0.2771283804210217,0.003702232586704518,55.14258134842503,1.0616264660585688
0.9376661901323607,0.017923286427213633,99.63662472012363,1.9694213340532898
0.390009574494829,0.005793452976256486,109.68428489168892,0.05179482244344126
0.3720391005420448,0.04315517129377968,83.42438908169609,0.8963894774130738
0.9347382640741925,0.031164906341377897,127.09122037458219,0.44946158457964214
0.7043957539768065,0.01654490124263246,60.65982531337718,0.08811556320831727
0.6295275899064384,0.003177917514301182,57.513778173580874,1.553781772102708
0.5776946295119229,0.015549116085783111,122.81887562036033,1.7390971803911663
0.5053763716730285,0.016259166101337354,99.54913162061985,1.8428808581252885
0.8874685934332144,0.0364803089169032,118.84023964277361,1.4781411926548917
0.20864678736399558,0.03187787356776066,93.48273386037462,0.8782391926184927
0.44158510583634036,0.04436063712881633,74.64020332391068,1.696288219831403
0.48433997236318327,0.023610746258097465,131.91023176742,0.03497781602174378
1.0050489213477256,0.005979712296915085,129.94158789689794,1.1744585507431988
0.6142222369053575,0.035662239361149754,119.46964708544267,0.31894540851081055
0.6890058678949268,0.038039252430844876,77.21451372299627,0.3652048246126671
0.4286999219442723,0.028063859878474814,109.0230666869087,0.4684831238213685
0.43185748795866485,0.03854835899772805,86.09738969400269,0.32043549578885977
0.3742116985831426,0.02468977981821954,59.158207332663416,0.21701716310104424
1.0102112700069215,0.026136641469099706,141.73135754622427,0.21229510830309706
0.5061563620511572,0.021377050917927482,63.68186309189614,0.6643347923687626
1.064665204945267,0.0012709563372047595,145.02373538208025,1.8836870906011038
0.9851080041747596,0.005394571349665223,94.60057729579557,0.26180658466576934
0.5083716226827489,0.0015714592843367127,68.51329288386196,1.7866787570459597
0.29475322257794423,0.03182052056318902,104.1900947378358,1.1696756579678296
0.4046609869563015,0.015717799053816334,137.29458358764083,1.5988935711281165
0.8452177634330406,0.02542853455823514,123.22248864095612,1.4244302309429855
0.6923427493200259,0.04537832369630465,130.65611478614497,1.5405964633625582
0.12541343202630642,0.012464611457443748,115.87833667107174,0.3654479942474438
1.0293104326586942,0.02051914615178149,119.22765645178525,1.4476984280424123
0.9285144372957254,0.037777556927152435,134.91956515653192,0.5200165772935741
0.7713501713663188,0.011439908274581124,74.96680088591859,1.3118528239148513
1.0223593495394756,0.00384899549143965,98.94249636431405,0.8058111491082787
0.36158483554961884,0.014487572645688403,72.12094418196023,0.4514098041534609
0.10210261774450982,0.008061064362700222,148.76680079966468,1.1873582606973663
0.7083093074955088,0.04648488261712866,144.40593396866132,0.8356083908549359
0.39892294359247404,0.04040601897822085,53.94268113685059,0.22332695488249388
0.31267902712213835,0.031670187825521175,120.55751725156884,0.7663794374482624
0.9611649870222331,0.04357302950938589,142.52483174156657,1.9927191306412955
0.29949687122241386,0.04018360384495573,68.05753451273335,0.6442766697755855
0.8004456630473821,0.009328502944301792,106.79452305526294,1.358475960295282
0.46463957189205074,0.044627949924498894,141.54882975880417,1.5695961692529392
0.910120190824467,0.026967112095782536,53.394597858579885,0.7306853457351765
0.7828911271886884,0.04037200775820313,119.742026724684,0.9562290419714718
0.5134336514082803,0.04480456499617466,79.73490073725507,1.6556310246143002
0.26386542387152023,0.015900173748593194,142.43961953765304,0.29280844432376285
0.4764885215766076,0.005502596226383838,147.10582451653676,1.1629739000504247
0.9682442019446674,0.011396758127097084,144.4266489113434,1.1059005779081896
0.3768471863617545,0.021355389431312818,97.42142166574638,1.6508887815634103
0.2311432763774163,0.04090073829612466,136.20426509893133,1.2102044668009027
0.2791574588410969,0.04303652916281717,134.45493985350703,1.8818766457274643
0.2941176654460588,0.0003476065265595352,81.91004732432556,0.8006928451953874
0.140819225550917,0.02553736512887829,132.89154741506775,0.2646876943634051
0.44320626345926517,0.020870550157438952,53.700763471549266,0.43896486251772315
0.9140640398355068,0.011105390523536512,109.6269878482053,0.4038927686238407
0.341597390741475,0.005993268366684141,73.0008837287703,1.3869407397525577
0.6795070302783838,0.016880758570181398,62.05668857772788,0.6130023576419259
0.3412681709773907,0.04714548519562596,57.695320162920915,0.4454321649839661
0.714117757690946,0.01616014660103776,119.62887758781397,0.05526751692839428
0.9852555082454854,0.025939531087168306,83.9874963768066,0.6020826176145728
0.5437349796420675,0.03515094794475889,122.47667715287615,0.07299418709205764
0.27064782229508,0.0181814801189647,56.53563407989424,0.394215671670046
0.7513464241764855,0.048589104136048035,81.52903378306104,0.3370772290013597
0.5128424935189829,0.048122364747105566,103.94912923753373,1.1358239808272474
0.5534390922769176,0.01258911479126821,129.07231648389637,0.9028992137051215
0.3642261162624091,0.024862425294619274,81.87525029320699,1.6301957259552389
0.9745918361668698,0.015043915490838484,112.58913764370091,0.9826199497257802
0.8934515151299453,0.014242024718873382,138.5977748236187,0.473667830429257
1.0566215172952524,0.0018443473677266398,111.58631881823047,0.46978092154678586
0.6215201675326806,0.030478216698994844,73.29594747536338,0.8207679659165674
0.8294939972634053,0.025133951161443076,52.4400781556538,1.4251533291422087
0.9161318964714441,0.0025739375624994677,137.00988739009298,1.2893128535328249
0.4046057743025996,0.013932323211830572,52.126941085038716,0.2672520300547194
1.0847567647719214,0.045413294298332685,137.47016726841994,1.2139176409598422
0.19227471778993702,0.011978094533348622,102.8937134027212,0.12990624597367106
0.45870195651842505,0.007244743604561155,143.90676985128962,1.5227159221128883
0.4829271840000299,0.024472638013878154,129.87832357736653,0.3821796670211268
0.1965657465187546,0.04928252270553004,149.79341105333373,0.33131279160773874
0.4579791883759209,0.01210276357557502,85.07118154517102,1.7689600247467492
0.7722671024942217,0.03360677737029393,126.71882889311269,1.0353646303949982
0.3851587630655261,0.03808098076643588,90.19309136092421,1.1270418988563893
0.48547213626998775,0.011881877199619984,97.98756203039088,0.18785295704155502
0.5561958101456012,0.03641081743059298,112.750546321837,1.5426814421532373
0.19583391039157463,0.01838915663596266,137.36771141863386,0.2174064176596444
0.9108743217760223,0.03161529152967898,148.4083469199295,1.7469371108215939
0.5862752219860373,0.03167648553804474,126.82734138645182,1.6229546859177832
0.3019184047921598,0.026788734203737924,91.77667821673337,0.17321331724996258
0.3975289706332389,0.004514488502720415,92.13570022770702,0.2083477436252983
1.0876957533605796,0.0417651247794619,123.75823015888915,1.768409349323597
0.7721210167320317,0.016039003248586793,73.87771457683023,0.5812465610712041
0.7526254308683819,0.009325925519992713,61.04741131313946,1.742034562608476
1.0192596983529074,0.002038757077738196,85.46221576407765,0.3214946511910497
1.0435061316028664,0.02954464715941209,78.72389916540817,1.4813000481811065
0.42074382667200616,0.033878218092114123,79.63081204559901,0.445170623329054
0.582901257589104,0.0008293914463928077,73.36077510499099,0.7569804037193866
1.0516593065860194,0.02560465291496405,54.209318963636186,0.7576437973702366
0.23162255702145065,0.011324788759896898,51.78739347334138,1.682769647510437
0.6524973429873359,0.0322586395204725,148.77223897360315,1.9242947244156399
0.9933724207186426,0.008718321450249573,92.77731337358622,1.5835185023555443
0.618087082362334,0.0345468869051233,88.43266471596817,1.5029034274743218
0.538922729966098,0.01933676731502687,117.96472826930699,0.0920498292598826
0.882129573866994,0.04683649943683673,71.82538878650641,0.25376840128651623
1.0438826379135135,0.006876047207299663,144.99611839502253,1.5789362182231466
0.7199541456374529,0.017053317552512926,128.6345014415552,1.9523979063527046
0.7650814503347502,0.0056736760620294535,58.94110023122595,1.7100378937223837
0.19540100337592917,0.04623468091392814,91.75807757849284,1.9028747860819928
0.46098325237004667,0.04386696766904905,137.9118307562165,1.4268290310983847
0.35468306699588703,0.012897081385757781,144.473202229141,1.9966004044677452
0.10462394509487175,0.032999202301708955,96.74015112498697,1.7651782579491646
0.1883410251743959,0.04086111001006079,111.34113892107078,1.3040431536270256
0.8676913131294733,0.027760040579973118,66.70339460920752,0.8873246105971353
0.9230333852831171,0.026482528917800327,149.11686261369766,0.3030628602741172
0.2758073481879092,0.012092614545022584,73.16717013834435,0.44497076720915785
0.31947306489576743,0.004655138390294961,144.27317741351257,0.8653209373442394
0.2506709267681041,0.04486078789766634,114.96466489923685,0.9523274274802096
1.0999731784620017,0.045020902858166525,110.77367948788591,1.465433591266849
0.7211802979390393,0.0316550728636634,101.26885110165085,1.3898574232733971
0.6788523836241575,0.016951489552435035,73.06698117177586,1.4114769145852601
0.9183983903212088,0.017460478730633045,67.65280320055084,1.5022304467858902
0.20893557082632466,0.03629778394351197,72.04862090701754,1.1327531536274906
0.6826069305927774,0.044855512997628855,68.64382621442545,1.3090201787206557
0.12516743512275177,0.044354321213255866,127.95844735667534,0.5635942373566534
1.0420691638936475,0.0389937772928812,85.01252591667301,0.2644923544551394
0.4134028336293111,0.03210158230771439,55.78426765633964,0.2671864766012553
0.9744990647886934,0.004206998249752442,146.91026301408112,0.6871903841572091
0.11072676492882363,0.008081435704730688,138.37858849634256,1.9445285239761063
0.2099195206882251,0.04492770942635396,142.7752283195213,1.36109535460073
0.3341292223311506,0.0303214529829795,149.49078226464354,1.8996838627936083
0.9137200143323164,0.0004598525808314824,67.38952492194873,1.456869519832417
0.5803705583988207,0.005073577143301606,89.62420189026588,1.4260633899815163
0.5381135424723783,0.03317508845540279,125.82384757040913,0.8000899417253107
0.5756275432696646,0.00025307919231093434,119.60206180537922,1.1637188905776614
0.2500006809424892,0.008040402570874933,65.3895906339855,0.10927558724678012
0.2613489179983238,0.027436689468329306,131.58331249906178,0.8489789772424212
0.6189382547705408,0.03459475988463467,72.44405718366608,0.10113200904831944
0.9159378739882286,0.03259806297513003,72.3817614822623,0.6971089121544642
0.6262247126668209,0.01121346547302799,103.69744228934135,1.0022105198902354
0.7467048948898066,0.03560896106737679,109.29399348417031,0.3923501682336197
0.8357301316760696,0.011862454374840004,108.00862078378111,0.3879649068930118
0.21422338395572074,0.016269984907963386,59.148683739775485,1.1000349820075523
0.8956937289976173,0.03732457025590121,137.74608626303802,0.6823052538810488
0.40902096474473837,0.032481644952360736,76.5600042588706,1.1272484730911663
0.21107153254014258,0.0424611705247089,62.95149212828042,1.4576659358803943
0.95379347687354,0.03288064461501717,138.87480798689774,1.038604972347623
0.2564534194209841,0.028415430166773583,145.56514982297534,0.15039991826315213
0.5029231508928712,0.004683738391404624,136.21276172654507,0.818354744641822
0.69375168235156,0.018385790152971676,130.9516074724878,1.8012300936416807
1.0770959674815814,0.013260118384086273,115.52419806390218,0.0925267644890886
0.5775722850062136,0.01219948216895418,105.08573706091393,1.15962446332486
0.673129435163616,0.04865052773762228,58.698675991141016,1.875913118750075
1.0610071143817073,0.019654886233338022,90.84532130706987,0.4798869407104085
0.8891554165574028,0.04460232775885567,87.2688517012314,0.5739724263962678
0.5928981113484743,0.031556931299863145,75.97537837603262,1.658010907234843
0.7932375137294342,0.039740565177082424,122.3420113688585,0.5197056049719901
0.5255519052793721,0.025131854655259606,99.58757350787708,0.02231875479496793
0.6163534113351093,0.028845194231317955,58.10462159076479,1.9948290031224232
0.8648826049192554,0.024625884690943196,72.01832019498113,0.2691088956363237
0.9087491959793342,0.009762149389902226,118.32587636595959,0.9089220326022718
0.8781518366932385,0.036122605763075265,57.61308594903002,0.9190140994051419
0.8172275186337884,0.01403861812204279,135.12069140487688,0.03741601748514946
0.48344388586307574,0.001215798321572692,99.51465270139744,0.90836437385277
1.0186483260395995,0.03227361479535839,98.0586577326648,0.221661076464452
0.9366303228309797,0.008855533970352448,109.24077846595176,0.32618859678672574
1.0975997905724715,0.04702292921764572,132.4680965925149,1.2998557586484105
0.6988706643854373,0.04769642885012937,84.78092079021931,1.2427238709145987
0.6569407588829207,0.04574321951102243,117.80161525590636,0.0546581380122111
0.12382378249393292,0.01850793501277222,106.5731963995791,0.9429882479286127
0.1236555329341539,0.0007728308264433715,76.70282701694214,0.6634215090308138
0.959258930411028,0.046415928129386275,137.8629986355158,1.1003470988334467
0.22827721065784493,0.021409207415865716,129.7426021606928,1.9385920296391175
0.6325322205028038,0.048332740952183484,115.84518346584255,1.0048342177973864
0.7537219736597388,0.04818099885446264,135.05817290942417,1.0328288330110993
0.41659564169591146,0.042650472773368,136.72942009598023,0.5371422278871811
0.452804382712081,0.014722444603479285,120.83629767150347,1.2298022627541922
0.8843515431231171,0.019254886430096263,133.70133283636721,1.281185398116995
0.753783617587087,0.04255683357584285,119.74714616692836,0.971385876399588
0.7999791637172554,0.015846100257813883,118.01407717603004,1.5451231104577057
0.29463193475503846,0.008474637334304624,111.86113782151844,0.8896727706931349
0.2934288577399583,0.027840063122917508,125.27166395576413,1.326235861900684
1.0279616833003367,0.04680773870803905,65.86051052930736,0.4690625839003115
0.7148010534700001,0.03480148983374865,138.08707591989284,0.33138263346829144
0.38457934758330314,0.02850305850446825,137.1843527745232,1.9180549031042162
0.9206680692859718,0.004858824688538427,52.924728303455915,0.4307193953342787
0.8650921666596546,0.03075036133495849,132.58167505647629,0.45896615910601013
0.5566831998499767,0.049502692505213164,62.88698674734452,1.8607912304601146
0.4763760780836036,0.0070042007618262014,83.51188542591419,1.6323782558527398
1.0182752439789649,0.02591648261818684,124.35082562916078,1.2080541361602386
0.7331800391795603,0.04386865359639777,66.07598960483082,0.8260893815421235
0.8171564438550895,0.03703843088771022,131.7967024119062,1.946474737425237
0.7892218022571714,0.0348507870497634,133.2134177957742,1.4698512576919842
0.21538161046177487,0.03512420419935546,100.74677337608362,0.9573774852568311
0.5796341743010683,0.01797455756098776,50.638587171683355,1.0641293402874454
0.8856936371481835,0.014679592213224669,78.70381331749128,1.0368186632047596
0.9601237956865266,0.04046805777392568,111.69269183757422,1.4324377814745792
0.9484366146575595,0.04050566973395904,148.11861780274234,0.428966640801381
0.5125732864037685,0.04335361592900519,113.18135270166684,0.6892408299062482
0.8914006208485753,0.045662027627823565,75.98035810641598,1.9952720339849528
0.39969573576108164,0.02556711994304689,113.40057030996113,0.19099191437950602
0.16906954237589025,0.02507581473435998,103.99853797158555,1.567875927476974
0.34258409007967827,0.03991475894833876,127.98453951511436,1.2585336392457613
0.10844862378899248,0.03249819653888826,60.69806388269584,0.6526366718873262
0.522074078536296,0.03509834386288517,126.1027902502028,1.7193808033037985
0.3608523668913518,0.03978963347180506,104.12665786761103,0.2048825082935235
0.28144251291943323,0.044500267090878315,146.29920038589947,0.6926755864112277
0.5663357202568086,0.01689975784257679,84.1872166038686,0.6911433036081605
0.21044083294494179,0.0187791476319972,113.26218931339481,0.81334543107272
1.0091143715890039,0.004699096992043451,143.20281055100173,1.6820393857296148
0.599660768008556,0.0289140070498087,60.250972799067924,0.5869528273734133
0.8852332483370265,0.0017971136898371045,143.72284872364511,0.8802088248182198
0.778553891820792,0.02327990090662301,118.78857223008133,1.3429337204717713
0.34164419334316565,0.027132231735378834,56.78370591051719,2.002042876243321
0.9638948709860232,0.01432706260641422,80.09635669468162,1.7031720765598448
0.17615294419205232,0.02954166302845054,120.81720886452815,0.4461768989811248
0.8919480068670483,0.0015250124969524714,56.73506014687717,0.8460857342908847
0.5901405541786567,0.0018674094374607209,108.21704601762733,1.7380599356636648
0.5007580370157597,0.041130028032982914,84.58830569529567,1.343738759177522
0.2805249056408571,0.018009532070563144,112.0915517767477,0.22628343116702765
1.0900331524877127,0.006353025632594239,54.57420338125129,0.09565242697181932
0.9224735177152753,0.02611216300274022,137.15368061523765,1.3627530308938403
0.9818787328196338,0.03849967765493054,147.3488969177397,1.101797463481385
0.15649258444257255,0.01079105137484216,146.88778552856917,0.25220445733194974
0.5958829312870354,0.031144523790950014,124.96518317429248,1.8344741802099855
0.31078926426644726,0.0042673732496884,63.0086240130632,1.6107900054952797
0.36022027702027304,0.002584086058430385,125.82631959290225,0.679557810901412
0.8897059577685346,0.026567731578407403,52.45869164588015,1.4494487787066463
0.5291695639241681,0.02703175608050533,52.212355152899725,2.007458576766206
0.2219696728464208,0.03187149507491033,82.36102191495412,0.3078674654742064
0.7103442338090035,0.03630456668613308,98.86431904046657,1.0704607556665404
0.596794452652654,0.048792603973126736,127.04074178077931,1.499378947109493
0.8133785974399222,0.025815017415059767,118.32953766065052,0.5545291009440547
0.9596521778274923,0.016147823647062298,94.59027063767483,0.9289796531518644
0.5160911044208959,0.03975930973843519,77.36266662816658,1.4162917366139165
1.0879936259157807,0.013541612563103711,149.7124500157711,1.5598483570926007
0.7145582044315167,0.021948571035281805,92.61813022359729,1.4743744815543847
1.0994813585150782,0.003922819067113298,95.13870243296755,0.17838057461621326
0.26829547240250917,0.0012675371707728757,66.36238211916691,0.48934725458858863
0.4088850836254082,0.04813242073389626,129.48095487499293,0.08068216816863873
0.9163087036068128,0.04179900602561029,119.36822257814886,1.8406596439625276
1.0916266705360431,0.0347987103046849,72.07696127887604,0.39512997540172123
1.0132321491562202,0.020447647220713495,58.238104561584265,0.035923324697163986
0.7109001844958104,0.008664716003542289,118.0499302074713,1.828621664852071
0.5689632815453328,0.007821852133554302,115.45112142811352,0.1963243975359863
0.5529587600127052,0.012512144908229767,77.32595269982093,0.2683544384728902
0.18838905776931583,0.027461333235306026,145.08635622504102,1.1583364112847343
0.4701561457817264,0.03572979613500312,65.10578917809002,1.76243401010091
0.9692208312950436,0.033009868835886566,93.2334801042602,1.2472697198846567
0.7917364540650401,0.013996694847297143,144.3615920167599,0.695674172922127
0.9054000420323692,0.047743264033159705,91.97273169261223,0.6098305961435975
0.925940591963521,0.03689484583478843,113.85259476640856,0.27263497142412807
0.9860137614883749,0.027717702625570037,89.75943979627942,0.8946288014141295
0.732764618328828,0.030586037311717613,77.421520234867,0.33213609807236755
0.27916505766075617,0.020980003121389496,148.39776479598282,1.8025565737417464
0.5988447732581693,0.012386549475057873,90.9334006315043,2.0038166262524073
0.6556234906445934,0.01779863393256308,139.40992036791346,1.0029124714024966
0.6392031886989461,0.037892305523218456,72.99546058910862,1.3474406479353906
0.6310844035280291,0.0007196744314877934,71.31047040250833,0.5641052851431854
0.8849437076121344,0.005803632025345812,53.11340828845113,1.54395260866687
0.9505784102729403,0.0023001321010876377,115.1666825375885,0.6903837919548861
0.2651711604090975,0.002036440115948507,86.85263437237612,0.7558306875075458
0.21978795307662238,0.042773029200550365,136.4358249839637,1.2626097067424669
0.9000441084101588,0.035182892969001185,97.32099066915572,0.52283116755797
0.2452504512873103,0.02370869145436626,146.81934279147217,0.21449087970473069
0.4290197380010702,0.0048917080325500744,68.55255157031212,1.0409418460136972
0.9011253222711854,0.02458079375584162,136.86231679556107,0.021183829225637007
0.23014396387682914,0.023673588539028286,127.65968527917417,0.6759068702812787
0.13287693661912395,0.008660093495500759,127.0921844644052,1.8985585377926781
0.5323707710498252,0.021692582461898653,134.47832281168877,0.1834547303225984
0.48554634603852864,0.019925236719868674,126.10239909429988,0.36979699550100276
0.775446157231178,0.030792504902610825,112.62203216314154,1.2774434125231646
0.9522550065083996,0.03175468254338219,63.12448776823876,0.08325204541261468
0.8868598045321406,0.002265200488602226,53.252617949125195,1.6577855051438946
0.3892018898249622,0.018730630731323562,142.0847847815687,1.027147506892747
0.7673256444490292,0.03129299578571182,111.6650314520738,1.0276176674868738
1.029884224683743,0.025156812929004388,129.65372909761763,0.05616438129229963
0.20573586316117645,0.04282449205941612,98.15223515125501,0.6662692322768018
0.38657885562983274,0.03293468158094725,61.73081889623945,0.1268650187680389
0.12595955473462697,0.008146721354071485,62.51857922025504,1.9252716022682634
0.8670020721722228,0.0035284373700214923,118.55652872289714,0.5573334234180443
0.3282423771391755,0.03212096391031578,93.03058948994627,1.102582406997908
0.25888690974525475,0.0013255655270810907,70.05247267003367,1.1076465920966838
0.620907576355317,0.029288779063673165,99.15945467414369,0.1774734361300474
0.5096064346360024,0.04701151207124788,56.42089370751341,0.7554728855166541
0.3463016668823943,0.02877370889379395,108.19714019143987,0.048207863644053064
0.8212611695728907,0.019408496310326095,76.89934044350977,2.0100870718992474
0.13128810357299373,0.03216441092211766,129.75591006371883,0.36028939215668543
0.7439075130179257,0.022912644524575834,81.03619589235737,1.768359691262592
0.7629192482920192,0.02728083946579675,95.52201490818013,1.151312384679034
0.13124993808431631,0.04707324043882626,51.162053990810065,1.5527058727853362
0.4341450081093362,0.019305131890038713,57.244688779455885,1.6836166844078388
1.0910448687710477,0.048059528191195716,89.24935564066848,1.4374722030479188
0.3786729379649284,0.04526753209780319,97.99388347171235,1.6623584703715373
0.2920758252765935,0.009789556739464822,110.00205481193038,1.2696187089266104
0.14856784085951516,0.003468065043758273,79.16625787093032,0.4780833245853906
0.24063216032614757,0.005038900068871333,119.49818861265426,0.31703539457192575
0.4812670223764778,0.0009110912825774864,136.01223971892045,0.3302840896491286
0.6572903706194847,0.00472214803779642,127.98509888933498,1.124090430672467
0.36118887569676905,0.03415033867081784,53.961882534835716,0.372577219576659
0.5984732712767501,0.0035594324230114496,98.0506947257829,0.6482252392715686
0.5591439421807264,0.015948781514688065,60.49301784181749,0.5905622760597635
0.8815750140217714,0.04224376554847273,74.20450158625275,0.38346537593633845
0.16049993122945297,0.0011635967867912934,148.66625932671465,1.2099195687742583
0.620351334207155,0.040723424129446795,64.24955429015132,0.2731365559783472
0.3331632449766607,0.014092738738669997,99.88881534513561,0.18009181317431477
0.18162708342282322,0.005908241381082813,111.81557343181191,1.182060598122472
0.8859390815477034,0.03483685826820753,120.2464970544104,1.6535936087457743
0.9195891616718627,0.0314471423389942,105.96486834869141,0.6133641647073749
0.5242647300628037,0.04387360067635265,50.97708474191837,0.12169513770297803
0.430390577080744,0.03675355219019429,82.6461308243992,0.49498751497358584
0.9559620816591029,0.04017404651924243,101.77116433847115,1.512675907936137
0.7392604604860912,0.014101728628565326,58.786649914483334,1.3591098662911827
0.6100540863139733,0.00887197718898614,85.06269312091808,0.021568046664848916
1.0744600976647003,0.03753073758204292,53.320310879136656,0.5623804717880121
0.8432104124684449,0.040341736963363205,57.85784971550208,0.5659410780268999
0.7797094433632114,0.049525257100033665,89.6923276201596,1.6483168187974082
0.6919590675894717,0.020630883845571324,63.271575404306034,0.16420663536264235
0.9528055385871573,0.018600904289639158,106.75408482615582,0.6991343350283932
0.7572578017151544,0.03882064803709984,118.94649691372658,0.525938751600701
0.4795860997823215,0.017040177012650894,130.0586699109083,0.5335388912804258
0.31609716103302066,0.04653786628017824,70.01502442448101,1.002544172612642
0.11831497206407274,0.04292063759215059,66.74825822590698,0.49148082016470274
0.19157384487545728,0.02144970136875092,60.45678403344002,1.1585145917062059
0.7381586777915098,0.03754355338957487,113.64302495436367,0.12008825071653352
0.1806752789823242,0.03772714370423412,120.64757264869012,1.8140508012633305
0.6502975022029528,0.00515619344179663,53.158614482564204,1.726947346574194
0.9370694756587644,0.04512764533397834,143.62122462436898,0.859645521603565
0.7323004433921686,0.02526261862239286,55.19712836514724,0.17086283368687183
0.44797993342237385,0.04132287330538709,104.12963353010704,1.7424847583845386
0.3953671083833922,0.01600248005153059,120.90605194509165,0.9162674884534898
0.46495648244676924,0.04477616142481003,137.09691237460856,1.405783990674408
0.10546612463820418,0.01946008393670816,121.40869321324278,1.9002905727505344
0.535348312898637,0.000541882574014918,130.17280830697916,0.8115380232868648
0.9558632601350846,0.04526909882096319,83.94501925428061,0.48850525802058287
0.6213250517887835,0.004564333839306678,131.4825113746512,0.25205657997881015
1.0055501478460924,0.015965681879520743,58.011484638467515,1.2556759976939527
0.6893872276962149,0.04750309835254025,139.48166560605276,1.080605130747241
0.7986757391532612,0.047530357346877807,104.75923761537362,0.6207944739965148
0.8054362465099999,0.028671894406164307,131.72977699624937,1.9365885001719476
0.18482643982776295,0.031591860608489966,95.23182845183001,0.34650240544213484
0.9448627841324541,0.02242227609891599,114.35776951965249,1.5573280912351344
0.10781533510699096,0.014660538584903227,102.64026609361133,1.3854658487736888
1.0056773035009958,0.0164332272684958,123.15895217553319,0.6975809232809846
0.660455943725836,0.033625922803851925,58.16299820305896,1.9465966755209536
0.9909505974554288,0.037618726471884,56.03520839905638,1.3215381733876919
1.0469429698580395,0.039578952186292427,74.71032340101465,0.04031485327565611
1.0462337025928883,0.0394809071397277,65.95446801131884,1.571008580192417
0.252609339766139,0.004560305152434519,137.17835665922019,1.5395578216954966
0.9382023707246515,0.024721015235129075,71.92139873580443,1.858803653255675
1.0198907740012417,0.0028779380008322145,147.58652558191312,0.5919420530566291
0.8902670640078348,0.027476444116186778,83.68957917711069,1.248951855749213
0.5630482566362555,0.02207652506866885,68.21179156886993,0.18033403841113782
0.6276395621027523,0.044385209137914994,128.9698507142479,1.2873279972357745
0.24389063195572938,0.017545750627603936,115.87077755008761,1.2458161241845034
0.38770643686552575,0.005853350821380294,99.8195716453139,0.32873513267709975
0.7387155380043232,0.007149584102641793,105.53635509376312,0.9182346665580476
0.9075285192065733,0.038075531585873616,121.92017782722638,0.44715440699185494
1.0613568270315583,0.030910903165813054,72.84547413312987,0.9202142586136242
0.6046741319285794,0.005056133806139513,149.6333916056742,1.022792053490219
0.13862904248290256,0.004205340305749872,147.4793162146783,1.5796183015411651
0.6235784334617142,0.035048456572956,115.03256863469369,0.7651747163809668
0.8771305172144915,0.0036381503182096766,69.9542450929145,1.6348642763567078
0.594178816059341,0.041093002964517816,118.02282424312914,1.096180714999303
0.42872931200730624,0.03531211135782481,57.219840897917585,0.04528447398345194
0.7997648147780717,0.004067439032094988,53.06525022058061,0.10510943817188402
0.7564049759711585,0.004241885704259596,75.76828885112137,2.0086498597316345
1.0356117407668926,0.04933197892505878,96.26229567393163,1.0560181979440408
0.9950173585315741,0.018713539787806016,136.82725054083807,1.2784574917174372
0.8698247596348391,0.018532107353344547,122.7169069766308,0.9970178814846633
0.9510865437299406,0.04063997836287513,124.2706521199981,0.6477481536343872
0.5716186354296738,0.04736242886919294,92.54933344480753,1.1557351870825052
0.4011395453512284,0.04930005319114355,84.5934992546963,1.8465450545460727
0.7883991107772518,0.03766890926294708,87.10387629846028,0.7772454299461355
0.4847648453723724,0.01881297927654579,148.7649563736058,0.9303877851516147
0.1354913642298862,0.004175035834933438,54.01091914124825,0.9295807190220959
0.2383214115138014,0.038857345796371845,136.70314961224486,1.4524138966368276
0.27245628728619964,0.027920212486790254,107.86754085723933,1.940396536061472
0.6235865696814152,0.021211100462348816,93.86154191895905,0.07425896547591006
1.0406326786072997,0.0453177192547368,122.52576604151365,0.40332674615603037
0.4428151054212278,0.0055598741153075676,98.66689414247028,0.6968698236957909
0.9496492689573651,0.024631255214542958,137.34232380816604,0.31806404247516595
0.6663062328290629,0.0005676822383709534,140.07018640112585,0.31198671265222067
0.22407828021760548,0.023433032099706316,92.17209268734554,0.7299050122542894
0.44150512300848377,0.0028151637840918677,77.68277972350515,0.0809914481264571
0.9187343305868735,0.005940895813403596,109.23503285933623,0.4735416477059309
0.6286663321421947,0.005876312338855244,141.23633456166908,1.1330734326861214
0.13179936682490193,0.03246051510580318,71.06621890056665,1.6059696560079748
0.7870972126812711,0.03730224396327116,112.29665835634827,1.7910957490419184
0.9791915487176833,0.029168438254857983,113.15602200925206,1.590723765804069
0.22667338921450422,0.048108627423727096,123.3113022415281,1.2268372743206786
0.6886323523432346,0.018743528976185204,63.15676851272598,0.48312656546208754
0.6566778005080259,0.014285604314093037,121.58249646820886,0.6517181052020591
1.0166247925253433,0.04342995640947302,140.9032520665641,1.8766765760390165
0.7528334343021469,0.011179791925972633,67.96831088702419,1.64864433121711
0.8090858211345223,0.048161126972030566,73.75433249238776,1.4651437930512612
0.48850670776252547,0.0006077237344908171,147.13950940416396,1.4875644942894735
0.6567791902033654,0.04849394133538196,68.09769527094898,1.1147773834057249
0.4482989504032894,0.0021579955975288057,135.4385093369579,0.39779101885236146
1.0575452841694593,0.04455715568490356,99.22778564480348,0.733180368875032
0.2391850468021776,0.026385055454314993,74.7231074403177,0.7595191841074309
0.7306971719176495,0.04964823980596502,137.07499012725114,0.9830312277599871
0.9183538267296912,0.003689828236769943,94.53052550026655,1.5736882875574392
0.2500055036061649,0.027692714220066042,101.48173539296903,1.0009160591471564
0.9095856161220596,0.04846512678095495,85.92333693997656,0.23441670352064103
0.5585201798477802,0.026154892208507443,109.29508514349274,0.43307746679046155
0.5543243961160312,0.03146993190676313,66.35238725850228,0.2702691304503071
0.16261520639299035,0.03478743444923086,89.10815366517608,1.2197239371578876
0.5787766046467159,0.022727053238388664,146.94123223352875,1.5512906060656764
0.15917954024738626,0.03137790400420317,75.81334327011275,1.0254649436659735
0.79283173353863,0.029215715596155014,115.67366645412922,2.0109629137051446
0.9128653634197305,0.04505790052454945,82.51900642246949,0.7066292684888997
0.55522897432325,0.0022723190170728935,127.34731256866006,0.2284356294368204
0.5824795802359933,0.014048159479611516,63.08736607183498,0.9371841255137852
1.0142405076677983,0.04752057420382794,146.98210450785447,0.2956019869458244
1.0329641032280423,0.04451318919454582,95.37895413836392,1.8472754890203402
1.000970843306526,0.02278283763928565,73.6050463346464,1.8210856017273798
0.5369829957924784,0.03100662989007684,57.349674733001265,0.13268507794862772
0.5094275450341931,0.013869059149056635,66.97579050875407,0.40261942809827755
0.7741389047475172,0.009406057986188066,101.97739485560177,1.9811822367695349
0.2365175222388142,0.02318492024699911,83.70031764312863,0.03801263417120128
0.36382783923052486,0.01766761140130264,132.88833658826093,0.6481632052681425
0.9310032484348757,0.029182805592543604,93.08875236618059,1.9820276665086063
0.3982218956491862,0.003886731848249242,74.87142725876299,0.4096633871943094
0.8449989025702881,0.04871974038330833,111.714498660403,1.4277861759939674
1.0414413844197505,0.04931053722398015,120.67772168854458,0.11250453981623366
0.8099085087871772,0.03490808570098726,66.70419079009498,0.8876404721410054
0.9797096664229975,0.02680481831720602,66.76192162883177,0.9428156105659615
0.3057664879188101,0.015476380814316388,53.6671426933543,1.5981015087213348
0.5190901309972614,0.04068975098534744,123.64020150656405,0.8122486794899177
0.47741841059666823,0.034236558627693967,116.38045276218051,1.913552888441253
0.48995040570004444,0.008130846967244565,97.46308757498139,1.0629505506424908
0.17443791421256152,0.04554635922469213,134.41704489691972,1.6151494877099515
0.1601868946309494,0.041126862146158454,130.56701529500532,0.39221591625687435
0.3165192220498104,0.047489995664596205,108.53543643967521,1.448559991269483
0.2897733603754512,0.036285975419418,136.82712805132587,1.6067564179613953
1.0800745272427192,0.030670759796789494,70.58412100367683,0.9340772230930454
1.0141353204620018,0.020912151814530947,61.19196193977279,1.4970687847783692
0.8622211413471684,0.04663642416770067,76.97496115169896,0.9701413709035192
0.27387046634764733,0.04330319447502042,55.70868560893149,0.07324007051392402
0.41479054750706357,0.0022609335053094706,103.1169528001032,1.26857797606043
0.6191202339729033,0.0013183487248626003,143.66056922949616,0.3405936782080283
0.9362564742209746,0.01882316834390248,53.934354066850965,0.19145386819322607
1.0004711870558503,0.04052766653909165,62.21099140100268,1.985105239101143
0.39077580093018327,0.04936380646574723,95.21990282834352,0.30265673257719183
0.3533822366230358,0.00752084455517641,143.38750175279048,1.6886343984355079
1.020938358963254,0.02970653576760676,81.61561049767505,1.2925688594426952
0.4944709485050557,0.019044542831551076,100.72348086883925,0.04225345646243574
0.2438007368740195,0.04849571989073016,54.15728590503921,0.8853124895422175
1.0701617284388667,0.04210594615678544,64.83432009620888,0.6377905193143569
0.27627278184756265,0.041916435235556895,148.6630122958847,1.7743331758327445
0.4140122488484578,0.023434657989748517,146.51186964360454,1.5170141679824398
0.2912891270816028,0.020740975116883262,50.493998093440965,1.6528422596935093
1.0194529987574799,0.013670353596535312,145.1811785423239,0.037427896741272684
0.5866899060463734,0.002818774832546356,113.91199378155004,0.3420793724214122
0.5447831310655241,0.04323611881275266,136.79182945200222,1.640049385511184
0.43301964895830636,0.04064505045650388,95.47398556338591,0.9156137019988202
0.10921930673597427,0.049985883664306535,101.55960285792503,0.06781345945923768
0.9954978170953971,0.04983184185369527,98.88465802569202,1.950578856050505
0.719901171080893,0.027771585280131374,116.68642575461044,0.08393867246972266
0.4678722418806275,0.03844937075902553,63.96512547563129,0.3651451455146979
0.5036708586304118,0.0472382864941214,52.997358987267795,0.5307428297538126
0.9076364946837064,0.04248236953387058,80.79299415911909,0.7876485582895907
0.5032457080910172,0.012367405087159883,120.46807627366466,0.9274191022605434
0.24746648976888622,0.022527206765504678,70.18534521229483,0.1782153797422492
0.5834789710148659,0.00645797075757475,117.34324333249174,1.3085199048077414
0.16404492248684047,0.04770255136293612,146.99120461072704,1.9922531066150515
0.4448942026448589,0.030308731722544002,59.39007157894184,1.1295857426697784
0.5281893707509507,0.011432140275173136,117.26021182251263,1.378606796310722
0.9809306144064541,0.03358503422029284,94.37502193045711,1.3493776282661158
1.0119522771456586,0.03090641202289479,136.81422543775054,1.638205218696845
0.5083092674988133,0.017908135901642027,67.71497894473859,0.8624533260628227
0.31896490649662523,0.005677879609981451,119.26259522261645,0.36540620867951845
0.3845046817457932,0.03357865977963998,133.81152896481103,0.8816824847803393
0.9982162472819759,0.026015385045189666,144.46142194740233,1.0827365462924414
0.7053857298484331,0.03861591958678197,118.32480282896458,0.35631034656090255
0.4889698391956955,0.026008175055599672,99.71747640084273,0.23468712108265044
0.8188391419509008,0.042609075015927006,111.78472402012139,1.5455513649854755
0.7735946704718463,0.027595341938724278,136.89049844787183,1.5220961074344987
1.0858544007997633,0.028046898576769314,107.06097466388297,1.0256444751360851
0.5210457517377997,0.04383268013291725,53.03870596968368,1.1796049062098575
0.42818661308217,0.020174143310619855,143.09486955069778,0.21230806763044385
0.6392854298571778,0.006700761422532037,118.95267510315611,0.9237116666940863
1.0791823999657302,0.0014391338156669487,117.65133857772466,0.42726985508936965
0.21454322808034268,0.037756862783680956,71.56751523977172,1.2369381778799846
0.9881928840184583,0.031015477567673234,115.88854702326572,1.3877875779946913
0.830638441244031,0.03520398840496118,89.38644056541585,1.963874028076116
1.0689771710941256,0.010648208075445538,115.12329770414921,0.07867900160782539
0.3435496332591238,0.006818573779338488,60.65930303079907,0.9065153063540261
0.3736373369697362,0.0007272332833940965,115.7845304603036,0.8250351525135182
0.8682855039597627,0.01752937794032985,149.94137257706666,1.5436100545042584
0.429755925891118,0.029495884342731656,54.8212038860556,0.8064348805791177
0.9796553175180259,0.019612202254986617,147.71741842213174,0.8449670393904791
0.4214195319428423,0.021873746101186455,90.69079607228707,1.8164359861881405
0.40527634818668157,0.045207934724687426,137.0753450337259,1.1330755493677598
0.2526101801461694,0.017412773351165017,128.23854840582734,0.8076554751269607
0.37377440966500297,0.02569947445799054,106.70162609866678,0.4966052706010753
0.614329858367387,0.039182650637057156,123.84492092513266,1.8197541821901113
0.7269534406033168,0.01982713911606351,137.85155613013478,0.7050650034778527
0.8584389598921135,0.031104335011393675,90.4140321651033,0.765315331902851
0.30593774583665445,0.04311818543733726,82.70331615632387,0.19913604315581446
0.7080338671590559,0.04747603118288211,116.75933855635847,0.625257860178922
0.6015613672455488,0.007353674046451897,130.78459419412587,0.7078672630524261
0.54723040272117,0.046329381258074724,126.22851347766158,0.1482025276868557
0.5764246516984947,0.02460581465397691,129.78136488586347,1.681616986862845
0.8067295985289985,0.012912219414947919,93.5583314812933,1.3590788619541507
1.0842973677331071,0.022956787811913067,131.78342161750214,0.24509154668150557
0.11894139180070842,0.04900162876427386,62.02090553706084,1.364705862800519
0.4820179517918092,0.02463090469964348,104.44890979608496,0.3733621694923406
0.49555295814630573,0.01643758051437541,50.575866049812156,1.300789101553866
0.7229903159559451,0.03167004271583629,82.45858299002703,0.7270227308172734
0.7343546334781322,0.012007280938909654,86.64615348713978,0.4428473317577699
0.17334952214940472,0.0037931664054331963,89.61726916092553,1.9360653738914466
0.23540686162668947,0.006443986095532462,119.54672066898621,1.589972896081752
0.11781900391255498,0.006402291947888623,88.85581012703457,0.34576330955437373
0.5240469609902106,0.007595134675614718,94.86936226225306,0.3259545011908116
0.43567215881316945,0.006941358632470507,73.75441308743274,1.3333066981478543
0.4410604449886196,0.032043737240160734,87.325179162934,0.41821283861004965
0.13241360675694916,0.009094004219957241,72.72696272631515,0.649940105626843
0.23321970729040933,0.017283364166193162,57.31959237684436,0.641278832973837
0.2766314086067351,0.0448394204953006,110.34485933813778,0.1224769976757545
1.0399519698855093,0.02369808201314362,116.82127985550163,0.3553566056257573
0.36331923946895717,0.03337788692605136,111.94903460096145,0.5521434922853026
0.834802162918609,0.008615993560081492,96.34940438005724,1.1628242051353197
0.28869572301148827,0.00961445094043354,87.97857801792298,1.0417082215494518
0.49076883566910345,0.002043430813323943,136.33336495718254,0.9443748986203675
0.30276691195860705,0.008446753153608228,101.9081785136218,0.4555588346568531
0.8892871437260635,0.013929516951597932,97.9181877629731,1.8727252987524123
0.5401400770052759,0.00885052421383734,52.56420658064357,1.703606325834304
0.7074264615056937,0.004435126687852781,84.12478276261564,0.4477375047755243
0.881124596563113,0.006031793555030041,88.0195618785857,1.2282505690958663
0.7942424402943938,0.02303893840163629,89.88227808969005,0.7267050482636519
0.22050457332635434,0.010316685920289627,108.01723692273322,1.2019536703732567
0.2761121706099675,0.018213493052403773,103.36025467268784,0.9187671174902057
0.9113469228807435,0.025170863542742845,110.79050927934446,0.47519769444122395
0.4448136396582848,0.034519741431468264,126.48832615421283,0.2790311674529271
0.6795623059175152,0.001965606992054947,131.29857387160934,0.8823622114888632
0.135098305326436,0.039970519945452136,121.81230762264944,1.2387842160856712
0.22788188253079658,0.03139501947454539,145.55236959549347,0.25165298364038846
0.7019123797010002,0.004087951597443596,51.82325826763616,1.6073370233935902
0.501003003752125,0.04367893120533886,69.57779856835461,1.2568696809516784
0.468040919825233,0.04604362002659066,50.75628749781421,1.3160436292097486
0.8594388841870154,0.003053897992743188,114.7474714154603,1.5597908181198548
0.13571402295684512,0.013843882407360187,139.8030548949987,0.4565249509945397
1.0935032116674364,0.04031006398965307,74.34822965762993,0.0778542358052008
0.2630232724033176,0.03741298451918292,142.70345447963066,0.3118890596521886
0.19938692795674387,0.009226050967818866,56.02673902895609,2.016043365248241
0.9335342718100864,0.010467466166835516,143.44360268055144,1.0289179257077887
0.6611532746771295,0.0185236051395691,85.16226872396345,0.7531059142725243
0.3648031066734164,0.024226149259551067,60.14208284492165,0.4485454679319434
0.6796136111052938,0.0309127385765148,98.58717591863257,0.18316007397197498
0.3370795060620594,0.018445681978488622,75.6776567720508,1.3910150414083626
0.813772148182674,0.023126735806657396,78.48729019619228,0.94707588704856
0.8882086733813571,0.03737354690668783,80.72899649262865,0.8705968661308383
0.7182469164126556,0.001834160144529895,130.30258978326634,1.9211628990643768
0.5903621866513379,0.012621847217201039,103.91612766752544,0.5983774526993557
0.62260123239555,0.03566747929422762,81.13076991560037,1.3348413330602134
0.9505279836063206,0.04476034188435997,111.03337833109184,1.7043522772899389
0.6087810645798671,0.025583872105783306,121.61506742231936,1.9813211825700814
1.0155864866222835,0.026605674263265783,77.26240007335338,1.7548496994860348
0.8643573553861731,0.005358600566988803,91.35491015253515,0.4999806232428019
0.9418077616165293,0.022370618341172734,62.18860933369476,0.9503996422368137
0.49357824055267174,0.02663086332275116,68.11493495346804,1.7240522286583835
0.6090123154234154,0.012123525181736483,118.11178539649828,0.6246614431153945
0.5743018023893652,0.01346216154746905,68.14383476956269,0.8632830905288638
0.923357645165212,0.018864208155231134,102.51633836670601,0.6813028821958123
0.5645211463491694,0.0010035598888863185,120.90462617224327,1.6472778879377368
0.25409370509830487,0.016103958279158916,60.687692309474386,1.663458751180787
0.16997354564348047,0.010572400349827232,106.73122196289034,1.2031166101472606
0.5461223276311539,0.016374867608895734,75.65627837013638,1.7209715789080546
0.7584846510417474,0.005988106590962561,146.292687523758,1.298093766418256
0.10524180245604656,0.04452636403699475,98.35456467199248,1.43420766210468
0.5236406595241031,0.029679622677702435,130.5992549775158,0.5151095324365722
0.9318299471576358,0.03395511595722448,105.02265421562618,1.3585603906928976
0.16062165315185287,0.03945856193036692,54.34125328548192,0.1936970142458827
0.24126248735965575,0.024922109946452865,113.31513755940223,1.4026662344025496
0.3133099312701272,0.004346014404371185,145.1403342206657,1.463435606614773
0.44120435363847765,0.02685532709092739,110.16118201463311,1.2894663278895193
0.7497011960012075,0.029342055901043957,131.91888594267903,0.619159803241957
0.31135758979140504,0.0372719737092165,138.4206463348408,1.9445466988298017
0.3734516490727816,0.02158297731148397,72.80797719489325,1.6527218160749768
0.15903070839119385,0.006379015139778188,71.20448399082267,1.6643339692795263
0.6481549883471142,0.014188795289936225,111.09809888509918,0.17104624205082009
0.5914064066109302,0.018154114819931757,91.10284698067048,1.0609088843847754
0.130693916686104,0.03229586206658006,133.98613028667205,0.6679928586687305
0.8668809883487613,0.028538915233445594,140.0023123398011,0.34391478318822144
1.026579421669173,0.017804836294892313,85.3421379302718,0.9856003144175516
0.34839104404093246,0.049325762439648986,73.6870558974482,1.3089451689636353
0.48803447260724553,0.030288740967844358,128.0525515243862,1.8430663804950054
0.7964040948640062,0.011861339586799725,77.48060355481361,0.13832847955167993
0.48396163028284367,0.005089123631020188,132.26143185136783,1.8593495831892406
0.11778675751462289,0.007642956959216601,92.37382536487628,1.9559802398704302
0.5564837897653617,0.012297886419225407,116.75498992914704,0.9174533632493576
0.6914558478853751,0.008034068662977784,59.55353138346682,0.9267025496093966
0.46731685198537753,0.009328351202565288,112.3859324676573,1.4976765456581405
0.1391173328290444,0.014254758434692356,95.17676787372291,1.3670133453682547
0.6860829718190958,0.008668679764737742,108.66084631754741,1.9753576555344055
0.4803660441955385,0.04483827123132126,66.80142077448635,1.945801459929559
0.621559020444019,0.004011687283082111,123.68737449441821,1.3392297660727304
0.10637470338293423,0.026225569478512734,136.27970775432286,1.0258498054910092
0.1432360542554684,0.02051984134948308,71.67398000907757,1.347951021834996
0.8112111786466335,0.04911893084543032,59.571455552016175,1.0702413027437145
0.3412120970425764,0.005601945108402617,52.36385860463364,1.1095712222045562
0.4304523911149819,0.019892779952287082,114.1971500443266,1.7550315236171612
0.12529118302989653,0.04847352166376845,110.70940360887808,1.268064998960387
0.9986898467191255,0.043275356294699016,104.669741271407,0.22313429129154883
0.8582065852085464,0.040853603547464,73.19470961159755,1.876903977321619
0.6323786497372287,0.012895141352246993,89.09059959055148,1.341019051452468
0.4557798599340316,0.008544379369503292,109.4476335186173,1.9326372997202406
0.49873213233681135,0.03343216099622155,99.67668588591694,1.1758789455935974
0.9740540129638243,0.046468799456379294,148.77855202148874,0.723504792716146
0.4107928535876867,0.027838144650696492,63.64397525567331,0.36014297347939483
0.5650625571832896,0.028580634473494994,119.51445540475937,0.6547322524777675
0.17324384616510172,0.013998954683014209,90.43187681042922,1.4839035091423176
0.3624586262468664,0.03847464665959685,92.81996149256148,0.12423957256524366
0.34904728469889357,0.009352187427876168,121.75977656581762,0.7071545352029875
0.546984379662503,0.016183961820212183,119.24361513243696,1.9068306657468608
0.8189971472966747,0.02127182193082084,149.12559937021882,1.100935561252131
0.6300144580974637,0.025380518934222752,62.83942894541252,1.834271258752217
0.32981008872164075,0.012120486620754012,60.41096493841663,1.1778403683231857
0.6633033368650519,0.005741841236960177,122.43388171287411,0.8334012392178158
0.4369070123721509,0.03053100212208163,107.83869170064091,1.3243324076008889
0.5618009278476005,0.01443152766201279,77.41606665598059,1.8240705127748147
0.7668931242154099,0.029061911071130615,57.94193689889866,1.6347019997367622
0.4398603410490193,0.007718135763710116,58.56582495964305,0.48589085997925374
0.6322630705556097,0.024057005092740877,139.41908746641184,0.8435055526146582
0.2067800224337585,0.026629471627579296,69.1867324718743,0.4943138543265697
0.272486996782605,0.0025911768411213455,82.33715621155207,1.2124602926746542
0.7937505328234223,0.01683021390969603,72.6656402226988,1.7328302331715377
0.529636458317981,0.006720733846948712,85.49963058319372,0.4756149922505559
1.0713509256813734,0.0031687485236383873,56.94238427460934,1.5870510636312456
0.2409055571128659,0.04949801161949727,101.90597909082703,1.5383109528528103
0.6084720467370696,0.01611769224873615,56.76125635922149,0.8112576375347917
0.5649469956239547,0.040493722292731744,130.03565078223616,0.1293164355457821
0.3332855186301281,0.012732032738188194,73.37120819104331,0.9362515042873258
1.0253246039978323,0.03407513611119647,104.00119146045105,1.6784831191451264
0.7150870201428529,0.03801139299448433,138.0079087561458,1.1396244770636754
0.4582015670091947,0.029781937030392214,115.08773690471942,0.9029644686555443
0.20570927558414046,0.02357880942750792,103.29577865513353,0.043058697400238946
0.377436588694391,0.020592045707363428,82.43337531153756,1.988733251421192
0.15135322248396235,0.017443413327149767,83.3001913058198,1.3345703847734798
0.8226101644088614,0.0464764572123913,116.94869551981901,0.2096635281230379
0.9038140770169806,0.04153097038938646,149.41393612211675,1.7069180369986545
0.9607313838104937,0.048251345533325635,116.18391898493786,0.9182580497224844
1.0240888639521653,0.006214861174277237,105.77834173700249,1.7536266582666238
1.0305888750649024,0.03654337376018221,123.06505102392461,0.8732045480711899
0.306801693352612,0.0469170228410519,96.52056122837182,0.4928137411531608
0.3899344842418818,0.009061653308283008,56.014234260078524,1.7282980865964241
0.2990918862183972,0.003324813368338875,106.22968158779098,1.3049964835085806
0.9057737353879528,0.03705603246450295,145.762528450538,1.2755183178455873
0.9438160270399957,0.028723655658995595,67.53029423576596,1.770610780103831
0.5451774453646162,0.04209143883791361,119.00048908206658,0.11317887785721693
1.0773427730276837,0.006988618831314475,70.09336886590565,0.2878018861516727
0.23942334490552444,0.03976336559299451,103.58276844730813,0.9901351654498562
0.9139527284433412,0.010081366002387227,59.667644964671965,0.32623237441223485
0.9603655712533313,0.008182797143285226,95.03709362581851,0.45708204014516274
0.15566247163581362,0.008213289896549647,125.61633288952461,1.468845213275883
0.8515174397445467,0.04072873601156911,84.7571524238982,1.1983368259694218
0.2684296675085459,0.03325986103481001,116.4911724487218,1.6048075379503788
0.6831711911835782,0.02615327123845597,129.54499607897293,0.21747948230815717
0.9408456458268616,0.017941524206175126,142.71778194794527,1.668455652207727
0.27764636510706475,0.04386002704065542,73.46420818554535,1.711040956849944
1.0638664798568978,0.01962225537113177,89.93159158093081,1.3491571263450932
0.5544641722555882,0.040829971973578856,65.24160133304174,0.20251808017450412
0.8769461917238498,0.02195674542851092,149.24835021583752,0.7617102706598133
0.9905107110421058,0.01884722147124538,142.70009679242952,1.8914530674331005
0.8219751053709631,0.023133989283480323,103.99571302805596,0.7497828558189477
0.40822237207525724,0.015068893708207104,134.20332943764214,1.569515785625941
0.51577000560407,0.037380469008812554,102.09579772720423,0.5773569277868862
0.378868514519317,0.02513601950462396,112.35856880027598,0.24766993232322787
0.8062073694394533,0.011610634757340865,58.91244321160166,1.2996792198346203
1.0658985546790074,0.04497872866372843,125.52704204968079,1.2386525539478754
0.4760410231109934,0.019194561068660573,62.77134836352349,1.0261727070516884
0.3455042618005625,0.027177643055699433,132.60676302525283,1.0977440014002597
0.9355182825156151,0.04532360554822735,128.2028087670386,1.8195264632438486
0.8211223142662872,0.031211899795699605,120.87446977429764,0.7150417344062305
0.19659810601385388,0.005844902035418204,53.61603805247621,1.5067974827627413
1.0902303455711482,0.04699160618067376,80.31283559453286,1.9241393249633305
0.5917363841874524,0.03138540265357089,76.31125699108429,1.9548495119601175
0.2339615624185897,0.016745280732854306,86.01364074715191,1.2598281456067177
0.12812839722904204,0.006963603633169363,58.764274676383856,0.8954398951039944
0.6734950151791644,0.0397012594635148,143.69578230310628,0.7069991360284671
0.5872689344964547,0.031003637796425676,105.38022407123762,1.6906625469419845
1.0950992646151638,0.026673054598816078,80.55243106580235,1.9370633601263918
0.9183461369120006,0.044694629152547884,89.69815170742834,1.6665672738347712
0.48401778961042374,0.03942986056122654,94.72025405048356,0.9048068131621056
0.4436226165858933,0.007583743986637559,110.05943333606173,1.6436645418010507
0.5048792366170606,0.015586103389777412,101.56794276964978,0.9467951836770487
0.7687637944201312,0.012424456990723289,141.93919732144172,1.0546056954161058
0.17091191347038173,0.03719731462863385,99.69634829058302,1.7964428100840026
0.25798185304908705,0.0016766217367889691,149.21580148233127,0.12514317141385
0.7996098057729567,0.028494484243565828,135.14249577450957,1.6378946580754616
0.3157192809419026,0.03812293428703453,70.85105143573358,1.7569767005792951
0.821071632733375,0.043838281838087474,143.05952146439162,0.7388087376251702
0.9784093310792782,0.017104087435795372,61.63663978854761,1.5813345314449132
0.36495002246576014,0.04106286523360064,131.74497084911917,1.8417054613871293
0.43960332200980645,0.005531586847760362,88.06232934765801,1.7991500112750194
0.45342156355995844,0.04232261458672591,137.79743204450693,0.24686082199192438
0.7658104489781116,0.0063744331165991215,136.80566901074502,0.8938961236429275
0.7351423142283678,0.019864364528018364,130.5925400117621,0.8869464424127165
1.045779361827782,0.039864768288977684,129.00304363070614,0.9334289985175988
0.6000762837886043,0.007495871367438689,80.46791390980408,0.9450940737255171
0.9485982621242114,0.011462569761632076,58.09192830512522,1.9561539047985124
0.34149526898441984,0.03611262841965331,90.29801787651616,1.8789804660091918
0.14527375322852057,0.03600182682730372,67.35245149865086,1.4525293389683467
0.6662611630550074,0.032057381644264867,119.49510889024617,1.782053505198138
0.7408237100658183,0.034697422223355,84.60997265377856,0.24718142225675188
0.8860496246663182,0.02713622216737981,147.5610200859915,1.199268480413761
0.6406438888687181,0.012589952945347638,114.0972077345332,1.3964809214222471
0.4394342839648998,0.017284799675195972,132.2480563634361,1.3060472574152369
0.8628274450624408,0.009079885840071284,63.252467274184845,1.2565034494512803
0.8208582491440396,0.04542252806668142,136.20144822726226,0.09508874996658824
0.23786444908381746,0.029169589738306023,142.27571905133942,0.45833404583004556
1.0515323571298303,0.020042570838181995,98.70619188189359,0.8413000282364125
0.38900673798348906,0.023100290182206634,110.62529377509775,0.714744309454934
0.460521225854993,0.04736416698059077,126.48098009029954,0.9093458350330195
0.40358076983443925,0.007667570155804011,67.48386272604125,1.8749883382450732
0.7741161315476636,0.029311491600839863,100.25660764634424,1.0605450887046557
0.5882874596533755,0.025294433944223302,89.86630277723131,0.641870498381534
0.1842509026432543,0.030572711771732392,64.6373992162249,0.3244590464176469
0.5593622883136785,0.0009055091910420255,86.75344222915314,1.4656507374826317
0.8641018826016985,0.04360619544720758,56.81723093854936,1.6020312532339391
0.9474740030394374,0.04660591412418062,52.581190694948695,0.9814061002041805
0.805380393620862,0.02825665917946045,63.51662891548227,0.6374518777180944
0.6949374347896752,0.034832541193844616,146.31151115891737,0.019995930721893772
0.7734095910792679,0.04612496905886479,104.9529535895017,1.7891200155677047
0.8920134591601564,0.03536193171566993,146.582216115322,0.5393581993491361
1.0208261647108583,0.007626952145713068,93.2497878330132,0.29181797037410795
0.23648703128706985,0.02881441800834066,81.18161330852595,0.42250260472185386
0.7890299000448494,0.030335752319142796,100.61418628402441,1.1306577526187256
0.518069272888049,0.0212065335651193,93.951168863291,0.7165058034379521
0.5154713980022348,0.036822211781236146,60.566468426174396,1.06362388036954
0.6509999679512294,0.046718350738450744,114.08263146902063,1.4923803326725527
0.8693133868075239,0.04627842564533882,71.60381825095996,0.23109357968567523
0.6148182429700902,0.022541968570206607,111.95879548978296,0.03532286098078631
0.30451234378058,0.005661902292037763,115.02010923981534,1.8821568509800357
0.12506547990803232,0.04924205994811673,65.20248531286481,1.4382177526367868
0.9079194178166866,0.04194490432229671,56.13496271106682,0.1691961554888357
1.0643400454080454,0.006233134060163343,128.076158606844,0.4011279816412856
0.8235194798986262,0.04604209413086862,95.98004237693202,1.3108888203670912
0.3010618744277994,0.04349481810310642,55.81637955054758,0.9421481973983827
0.27710959714183525,0.025941902856303607,149.48663171697672,1.2938055242604445
0.307932833374292,0.029563771787246465,55.778056099636665,0.6006235188240334
0.2561577408747816,0.019950135193506514,119.50352288585532,0.19593249374254662
0.48764929176913874,0.0027380819411015667,148.36789252634136,0.11445557045688638
0.8919160925936657,0.016759862082295046,73.91801042159256,0.28291701534437785
0.6748835422535823,0.04014267242990058,64.22493686871962,0.7803333617541595
0.7761401889964726,0.00023160115023014295,62.13849394224289,1.4943200243624848
1.0336361462005699,0.01667495858455721,80.32751475675956,0.32122732267577114
1.0600790936426259,0.019908434679547168,60.10458110106467,1.4917365093379804
0.5457332148049095,0.026869780146896144,119.2161341694132,1.6387097810153726
0.3328765664513461,0.04599278082063803,56.22917981300627,1.1641257053916083
0.2551207994907537,0.017317299718298065,100.94221281497897,0.8209140468629863
0.4120581128328423,0.017347660094811385,149.66968538529767,1.4785329667849545
0.6383021980817934,0.03687506240548742,131.39702695060188,0.5235930133748898
0.86669818128834,0.02261089704449036,111.52194382310108,0.17508404290499358
0.49067989478719565,0.011230241146999099,80.62536207866117,1.4008228626619108
0.16911127825739283,0.02262197580663467,112.38958362916384,0.09232105319792462
0.7361612478924712,0.007042851018989993,102.70414639116515,1.6273054892850054
0.9221832559534492,0.008819349325311166,92.60833838903716,0.3094262191817647
0.29367975732066054,0.024918388636973987,63.07103767401995,1.167737537147336
0.2849248858917627,0.020946272475227398,138.66042152404668,0.5570112008262484
1.0977474259695208,0.045742295053405005,94.97846488213224,1.6645868860685804
0.35986347309141953,0.018119694955831656,69.4622511820765,1.4955166613212392
0.7816420715620357,0.029029417513902173,86.77593508772895,1.1847129844032398
0.6870789836148564,0.03161321439597652,91.41297525289269,1.7123066567976883
1.0966589103999083,0.0006547228294166819,132.75378955668742,1.416558127938263
0.6234082760015146,0.03317686860083553,123.3614380561402,0.08000495169786094
0.7475608029300399,0.008901798343487572,126.93048936413398,1.5827643230494777
0.972464967923404,0.04805351587347276,51.10312644286472,1.2579037187966435
1.0708488818349466,0.007433136387655648,91.61539981797615,0.11110392051422859
0.7920243863631996,0.020731206186351187,98.13441516353237,1.9290346261986422
0.11856151636512205,0.004267483403932193,51.91922768230567,0.8377097854412614
0.4507243025572686,0.04984371259229737,75.98132087450342,0.1970590569377466
0.38663578763801654,0.02510975051656213,126.0289823122135,0.383056525139007
0.8589631387131783,0.02976925086600219,63.7109705728999,0.13725127572315965
0.39853418293376885,0.003353823869421374,103.53101314525917,0.13043979916329662
0.5307755977929766,0.037498023519958894,71.52018720172376,0.6860785344094296
0.798675772924697,0.01049527965477929,51.212077464389324,1.6161390829242304
0.5649175243798369,0.04490271447203569,74.12014575995414,1.5314130571582962
0.2630273400870625,0.010256982024100358,147.5873754910054,0.8942287731420586
0.427978736329211,0.00953438603318333,130.15371118829896,1.4353495792689424
0.7600888858961438,0.001827483392404744,145.95766443210334,1.0370767660796487
0.9047623410193552,0.023603347255499965,98.78540439263625,0.9222716879194277
0.46174532613828767,0.028242056663130823,60.97361986775035,0.713385525561596
0.9139081775031733,0.0032854319714176183,104.7959488973693,1.4810787169034507
0.8877844096552733,0.03877638083475053,95.4377334559961,1.2732134717635544
0.7784202776777599,0.022664441737401383,134.4357082739616,0.5461070222026316
1.0178400013406776,0.026219513466379005,59.80825807842446,1.4686593371258685
1.0620224310745168,0.02203813734691141,98.82411370217781,0.8121904215888629
0.7648710538820508,0.0200381530437663,65.00486646939842,2.0069692115870303
0.22336869382468963,0.027982016565410897,82.467592689006,0.8048706285402332
0.3938217497813078,0.0077620122965356255,123.73570773877996,0.7561620117245667
0.1711416584072533,0.009096406524763557,97.60181293687666,0.04412494992125705
0.14121688528692103,0.043089281050675866,87.58882851457693,0.4748645369032436
0.2279269963315437,0.04730577310668164,89.44762785700354,0.5350855824624914
0.6837822771864873,0.018665465813987647,95.94467684059866,1.2371375358246672
0.1987263613118039,0.01353723365717769,128.50165438370567,0.159915354186843
0.5223593878014022,0.03219997716195079,139.20846889402344,1.3784041338266804
0.5210051959496015,0.02043670855490482,145.53346865039282,1.634337305614597
0.4134612605932514,0.0012693177830172431,128.6903386255295,1.8149526805334901
0.9704718296087494,0.007807629868309518,81.54068957480128,1.2667541041299797
0.4726058882386076,0.03579861144236988,118.81347060865421,0.5884390543293991
0.8649858199913137,0.03294619709550757,93.7603124055392,0.8457925878537564
0.8773492453894886,0.0013547996251741746,75.46706220460511,1.4688434673133066
0.9567672259322052,0.011098608096647472,134.08715794259226,0.25544799218592984
0.6007259340539169,0.01155373982940357,53.8426348962325,1.5293338587574292
0.5225196111089648,0.033594637179936424,140.17619921354236,0.800252025332109
0.29860338318424884,0.0009855268877182078,96.1477464624734,0.7833920739396307
0.6334822896939792,0.005205429099228692,113.72014768082803,0.25771235983771956
0.5213378615152343,0.03999580426865947,115.93539222057827,0.9381767202816425
0.5761650996854754,0.00892723310271668,139.51177407065364,1.2060690500064475
0.8683642203991878,0.032637305392593734,113.66696821672073,0.5050059579557573
0.7393785503717615,0.011909139052336327,111.39335847600617,0.8584222174998482
0.7064410788951033,0.004972069637967258,56.665204056068994,0.23384664586582038
1.0466712519960772,0.012158609549972705,101.8408021945204,1.6779300074519974
0.777952709063917,0.03611334659278296,65.01690008170416,0.9874411409544355
0.7706747868766309,0.04278482340531429,123.74337687214856,1.1808724125419083
0.2672338845771439,0.041510993228349585,101.22219208126745,1.7967636207920183
0.8694276336183474,0.019859176480922742,118.02277792083532,0.09172052063297655
0.5151661591924516,0.03340425682853231,54.16729006023843,1.2719256091039404
0.49055375913610233,0.010249214770791049,58.479201604580325,1.440415472543599
0.24580142392088425,0.014657386513050664,121.63233880626822,0.27308697191827913
0.1655914621920879,0.04481679092605599,57.208433599867334,0.7013703942194811
0.31619052688130755,0.0006500961755368019,57.12567277652586,1.1295561272154087
0.16620946221192115,0.004275426542723404,51.210847523488745,0.7263418806454454
